INSERT INTO  Users  ( id ,  name ,  gender ,  email ,  phone ,  picture ,  password ,  birthdate ,  enabled ,  info ,  Country ,  regdate ) VALUES ('1', 'JOBS', '0', 'stive.jobs@apple.com', '0033 1 23 45 67 89', '1.jpg', 'steve', '2015-09-16', '1', NULL, '0', '2015-09-25 10:54:01.000000');
INSERT INTO  Users  ( id ,  name ,  gender ,  email ,  phone ,  picture ,  password ,  birthdate ,  enabled ,  info ,  Country ,  regdate ) VALUES ('2', 'GATES', '0', 'bill.gates@microsoft.com', '0033 1 23 45 67 89', '2.jpg', 'bill', NULL, '1', NULL, '0', NULL);
INSERT INTO  Users  ( id ,  name ,  gender ,  email ,  phone ,  picture ,  password ,  birthdate ,  enabled ,  info ,  Country ,  regdate ) VALUES ('3', 'ZUCKERBERG', '0', 'mark.zuckerberg@facebook.com', '0033 1 23 45 67 89', '3.jpg', 'zuckerberg', NULL, '1', NULL, '0', NULL);
INSERT INTO  Users  ( id ,  name ,  gender ,  email ,  phone ,  picture ,  password ,  birthdate ,  enabled ,  info ,  Country ,  regdate ) VALUES ('4', 'COOK', '0', 'tim.cook@apple.com', '0033 1 23 45 67 89', '4.jpg', 'cook', NULL, '1', NULL, '0', NULL);
INSERT INTO  Users  ( id ,  name ,  gender ,  email ,  phone ,  picture ,  password ,  birthdate ,  enabled ,  info ,  Country ,  regdate ) VALUES ('5', 'Page', '0', 'larry.page@gmail.com', '0033 1 23 45 67 89', '5.jpg', 'page', NULL, '1', NULL, '0', NULL);
INSERT INTO  Users  ( id ,  name ,  gender ,  email ,  phone ,  picture ,  password ,  birthdate ,  enabled ,  info ,  Country ,  regdate ) VALUES ('6', 'Brin', '0', 'sergey.brin@gmail.com', '0033 1 23 45 67 89', '6.jpg', 'brin', NULL, '1', NULL, '0', NULL);
INSERT INTO  Users  ( id ,  name ,  gender ,  email ,  phone ,  picture ,  password ,  birthdate ,  enabled ,  info ,  Country ,  regdate ) VALUES ('7', 'ELLISON', '0', 'larry.ellison@oracle.com', '0033 1 23 45 67 89', '7.jpg', 'ellison', NULL, '1', NULL, '0', NULL);
INSERT INTO  Users  ( id ,  name ,  gender ,  email ,  phone ,  picture ,  password ,  birthdate ,  enabled ,  info ,  Country ,  regdate ) VALUES ('8', 'BEZOS', '0', 'jeff.bezos@amazon.com', '0033 1 23 45 67 89', '8.jpg', 'bezos', NULL, '1', NULL, '0', NULL);
INSERT INTO  Users  ( id ,  name ,  gender ,  email ,  phone ,  picture ,  password ,  birthdate ,  enabled ,  info ,  Country ,  regdate ) VALUES ('9', 'ALLEN', '0', 'paul.allen@microsoft.com', '0033 1 23 45 67 89', '9.jpg', 'allen', NULL, '1', NULL, '0', NULL);
INSERT INTO  Users  ( id ,  name ,  gender ,  email ,  phone ,  picture ,  password ,  birthdate ,  enabled ,  info ,  Country ,  regdate ) VALUES ('10', 'BALLMER', '0', 'steve.ballmer@microsoft.com', '0033 1 23 45 67 89', '10.jpg', 'ballmer', NULL, '1', NULL, '0', NULL);
INSERT INTO  Users  ( id ,  name ,  gender ,  email ,  phone ,  picture ,  password ,  birthdate ,  enabled ,  info ,  Country ,  regdate ) VALUES ('11', 'DORSEY', '0', 'jack.dorsey@twitter.com', '0033 1 23 45 67 89', '11.jpg', 'dorsey', NULL, '1', NULL, '0', NULL);
INSERT INTO  Users  ( id ,  name ,  gender ,  email ,  phone ,  picture ,  password ,  birthdate ,  enabled ,  info ,  Country ,  regdate ) VALUES ('12', 'MULLENWEG', '0', 'matt.mullenweg@wordpress.com', '0033 1 23 45 67 89', '12.jpg', 'mullenweg', NULL, '1', NULL, '0', NULL);
INSERT INTO Scences (id, name, address, hearts, Country, info, regdate) VALUES ('1', '日月潭', '中国台湾', '0', '12', '<p>Aliquam antem, <img class=\"blog-grid-img-v1\" src=\"http://htmlstream.com/preview/unify-v1.8/Blog/assets/img/masonry/img2.jpg\" alt=\"\">\r\n					<p>Proin laoreet massa vitae is.</p><br>\r\n</div>', '2015-09-12 22:44:13');
INSERT INTO Scences (id, name, address, hearts, Country, info, regdate) VALUES ('2', '五台山', '中国陕西', '0', '1', '顺治出家之谜', '2015-09-10 22:44:20');
INSERT INTO Scences (id, name, address, hearts, Country, info, regdate) VALUES ('3', '黄山', '中国安徽', '0', '1', '一生痴绝处，无梦到徽州', '2015-09-09 22:44:26');
INSERT INTO Scences (id, name, address, hearts, Country, info, regdate) VALUES ('4', '杭州西湖', '中国浙江', '0', '7', '那杭州美景盖世无双，西湖岸奇花异草四季清香，那春游苏堤桃红柳绿 夏赏荷花映满了池塘，那秋观明月如同碧水，冬看瑞雪铺满了山岗', '2015-09-11 22:44:45');
INSERT INTO Scences (id, name, address, hearts, Country, info, regdate) VALUES ('5', '嵩山', '中国浙江', '0', '7', '少林寺', '2015-09-11 22:44:45');
INSERT INTO Scences (id, name, address, hearts, Country, info, regdate) VALUES ('6', '泰山', '中国浙江', '0', '7', '观音年年过', '2015-09-11 22:44:45');
INSERT INTO Scences (id, name, address, hearts, Country, info, regdate) VALUES ('7', '桂林山水', '中国贵州', '0', '4', '桂林山水甲天下', '2015-09-10 22:44:32');
INSERT INTO Scences (id, name, address, hearts, Country, info, regdate) VALUES ('8', '衡山', '中国浙江', '0', '7', '仪琳小师妹', '2015-09-11 22:44:45');
INSERT INTO Scences (id, name, address, hearts, Country, info, regdate) VALUES ('9', '恒山', '中国浙江', '0', '7', '左冷禅', '2015-09-11 22:44:45');
INSERT INTO Scences (id, name, address, hearts, Country, info, regdate) VALUES ('10', '玄武湖', '中国浙江', '0', '7', '南京', '2015-09-11 22:44:45');
INSERT INTO Scences (id, name, address, hearts, Country, info, regdate) VALUES ('11', '华山', '中国浙江', '0', '7', '自古华山一条路', '2015-09-11 22:44:45');
INSERT INTO Scences (id, name, address, hearts, Country, info, regdate) VALUES ('12', '鼓浪屿', '中国福建厦门', '0', '7', '外婆的澎湖湾', '2015-09-11 22:44:45');
INSERT INTO Scences (id, name, address, hearts, Country, info, regdate) VALUES ('13', '龙虎山', '中国江西', '0', '6', '道教祖庭', '2015-09-01 22:44:39');
INSERT INTO Scences (id, name, address, hearts, Country, info, regdate) VALUES ('17', '宏村', '中国安徽', '0', '7', '有一个大湖水', '2015-09-11 22:44:45');
INSERT INTO Image (id, name, poster, scenceid, info, updatedate) VALUES ('1', '11.jpg', '1', '1', NULL, '2015-09-16 22:45:43');
INSERT INTO Image (id, name, poster, scenceid, info, updatedate) VALUES ('2', '12.jpg', '1', '1', NULL, '2015-09-16 22:45:43');
INSERT INTO Image (id, name, poster, scenceid, info, updatedate) VALUES ('3', '13.jpg', '1', '1', NULL, '2015-09-16 22:45:43');
INSERT INTO Image (id, name, poster, scenceid, info, updatedate) VALUES ('4', '21.jpg', '1', '2', NULL, '2015-09-16 22:45:43');
INSERT INTO Image (id, name, poster, scenceid, info, updatedate) VALUES ('5', '22.jpg', '1', '2', NULL, '2015-09-16 22:45:43');
INSERT INTO Image (id, name, poster, scenceid, info, updatedate) VALUES ('6', '23.jpg', '1', '2', NULL, '2015-09-16 22:45:43');
INSERT INTO Image (id, name, poster, scenceid, info, updatedate) VALUES ('7', '31.jpg', '1', '3', NULL, '2015-09-16 22:45:43');
INSERT INTO Image (id, name, poster, scenceid, info, updatedate) VALUES ('8', '71.jpg', '1', '7', NULL, '2015-09-16 22:45:43');
INSERT INTO Image (id, name, poster, scenceid, info, updatedate) VALUES ('9', '72.jpg', '1', '7', NULL, '2015-09-16 22:45:43');
INSERT INTO Image (id, name, poster, scenceid, info, updatedate) VALUES ('10', '73.jpg', '1', '7', NULL, '2015-09-16 22:45:43');
INSERT INTO Image (id, name, poster, scenceid, info, updatedate) VALUES ('11', '131.jpg', '1', '13', NULL, '2015-09-16 22:45:43');
INSERT INTO Image (id, name, poster, scenceid, info, updatedate) VALUES ('12', '132.jpg', '1', '13', NULL, '2015-09-16 22:45:43');
INSERT INTO Image (id, name, poster, scenceid, info, updatedate) VALUES ('13', '133.jpg', '1', '13', NULL, '2015-09-16 22:45:43');
INSERT INTO Image (id, name, poster, scenceid, info, updatedate) VALUES ('14', '171.jpg', '1', '17', NULL, '2015-09-16 22:45:43');
INSERT INTO Image (id, name, poster, scenceid, info, updatedate) VALUES ('15', '172.jpg', '1', '17', NULL, '2015-09-16 22:45:43');
INSERT INTO Image (id, name, poster, scenceid, info, updatedate) VALUES ('16', '173.jpg', '1', '17', NULL, '2015-09-16 22:45:43');
INSERT INTO Image (id, name, poster, scenceid, info, updatedate) VALUES ('17', '32.jpg', '1', '3', NULL, '2015-09-16 22:45:43');
INSERT INTO Image (id, name, poster, scenceid, info, updatedate) VALUES ('18', '33.jpg', '1', '3', NULL, '2015-09-16 22:45:43');
INSERT INTO Image (id, name, poster, scenceid, info, updatedate) VALUES ('19', '33.jpg', '1', '4', '', '2015-09-16 22:45:43');
INSERT INTO Image (id, name, poster, scenceid, info, updatedate) VALUES ('20', '33.jpg', '1', '5', '', '2015-09-16 22:45:43');
INSERT INTO Image (id, name, poster, scenceid, info, updatedate) VALUES ('21', '33.jpg', '1', '6', '', '2015-09-16 22:45:43');
INSERT INTO Image (id, name, poster, scenceid, info, updatedate) VALUES ('22', '131.jpg', '1', '8', '', '2015-09-16 22:45:43');
INSERT INTO Image (id, name, poster, scenceid, info, updatedate) VALUES ('23', '131.jpg', '1', '9', '', '2015-09-16 22:45:43');
INSERT INTO Image (id, name, poster, scenceid, info, updatedate) VALUES ('24', '131.jpg', '1', '10', '', '2015-09-16 22:45:43');
INSERT INTO Country (id, name, flag, updatetime) VALUES ('1', '中国', 'flag_china.png', '2015-11-06 23:04:38');
INSERT INTO Country (id, name, flag, updatetime) VALUES ('2', '美国', 'flag_usa.png', '2015-11-06 23:05:50');
INSERT INTO Country (id, name, flag, updatetime) VALUES ('3', '英国', 'flag_united_kingdom.png', '2015-11-06 23:11:51');
INSERT INTO Country (id, name, flag, updatetime) VALUES ('4', '日本', 'flag_japan.png', '2015-11-06 23:12:09');
INSERT INTO Country (id, name, flag, updatetime) VALUES ('5', '意大利', 'flag_eritrea.png', '2015-11-06 23:13:00');
INSERT INTO Country (id, name, flag, updatetime) VALUES ('6', '法国', 'flag_france.png', '2015-11-06 23:12:55');
INSERT INTO Country (id, name, flag, updatetime) VALUES ('7', '韩国', 'flag_south_korea.png', '2015-11-06 23:05:34');
INSERT INTO Country (id, name, flag, updatetime) VALUES ('8', '加拿大', 'flag_canada.png', '2015-11-06 23:09:02');
INSERT INTO Country (id, name, flag, updatetime) VALUES ('9', '德国', 'flag_germany.png', '2015-11-06 23:13:45');

